234278696589228_1624746130875804;I Dont Even Like Poppy;;video;57;2017-02-26T19:42:47+0000
234278696589228_1623635567653527;;;status;13;2017-02-25T17:07:50+0000
234278696589228_1622711507745933;Are You Sad;;video;95;2017-02-24T20:49:37+0000
234278696589228_1622504971099920;;Where should Poppy go on tour? Tell us here;status;114;2017-02-24T17:02:36+0000
234278696589228_1621398851210532;Who is Cinderella;;video;33;2017-02-23T16:51:25+0000
234278696589228_1620456287971455;I Will Apply the Makeup;;video;60;2017-02-22T16:36:53+0000
234278696589228_1618739881476429;I Have Such Good News;;video;46;2017-02-20T18:39:15+0000
234278696589228_1616674625016288;This Rose Has A Thorn;;video;48;2017-02-18T17:11:50+0000
234278696589228_1611610048856079;I'm Poppy - Official Lyric Video;Download 'I'm Poppy' on Itunes - https://itun.es/us/bQfNhbStream on Spotify - http://goo.gl/xrX1yrG;video;248;2017-02-14T05:33:37+0000
234278696589228_1611054188911665;How to Curtsy;;video;22;2017-02-13T15:26:07+0000
234278696589228_1608403412510076;Count the Hearts;;video;33;2017-02-10T17:27:36+0000
234278696589228_1606810336002717;That Poppy's cover photo;;photo;165;2017-02-09T00:31:25+0000
234278696589228_1606769962673421;What is Wrong With Me;;video;43;2017-02-08T23:16:16+0000
234278696589228_1605695029447581;Poppy Eats Cereal;If you missed yesterday's live stream, you may watch it here:;video;41;2017-02-07T21:53:54+0000
234278696589228_1602707083079709;I Painted Again;;video;24;2017-02-05T02:17:56+0000
234278696589228_1600674929949591;What Does It Mean;;video;29;2017-02-03T01:24:47+0000
234278696589228_1598636176820133;I Have Poppy's New Song;;video;51;2017-02-01T05:20:04+0000
234278696589228_1596301830386901;My Past;;video;45;2017-01-30T03:03:53+0000
234278696589228_1593061567377594;I Think I Took Too Many;;video;25;2017-01-26T21:47:02+0000
234278696589228_1592689244081493;Timeline Photos;New song!I'm Poppy- Out February 14th via internet!;photo;413;2017-01-26T15:53:40+0000
234278696589228_1592247187459032;Why Is It This;;video;22;2017-01-26T04:06:26+0000
234278696589228_1589022321114852;Delete Your Facebook;;video;261;2017-01-23T20:24:42+0000
234278696589228_1587869327896818;I Am Your True Friend;;video;24;2017-01-22T22:23:36+0000
234278696589228_1587010464649371;;ring ring ring..... hello.;status;131;2017-01-22T05:38:59+0000
234278696589228_1585339214816496;Come Closer;;video;22;2017-01-20T20:06:39+0000
234278696589228_1584532738230477;Online Video Sharing;;video;17;2017-01-20T01:04:34+0000
234278696589228_1583134788370272;Some People;;video;28;2017-01-18T17:42:57+0000
234278696589228_1580500708633680;Famous Politician;;video;120;2017-01-16T01:14:04+0000
234278696589228_1579089852108099;What Will It Take?;;video;24;2017-01-14T17:45:02+0000
234278696589228_1578370128846738;Spreading My Wings;;video;19;2017-01-14T00:19:38+0000
234278696589228_1574797369204014;I Have You;;video;45;2017-01-10T20:21:12+0000
234278696589228_1572965772720507;I CAN BE WAY MORE FAMOUS THAN POPPY;;video;25;2017-01-08T22:23:26+0000
234278696589228_1571759149507836;;Happy January 7th;status;207;2017-01-07T16:23:06+0000
234278696589228_1571085399575211;Pick a Polka Dot;;video;45;2017-01-06T23:09:30+0000
234278696589228_1567833746567043;We're Going to Space;;video;38;2017-01-03T16:34:33+0000
234278696589228_1566412476709170;I Like Painting;;video;21;2017-01-02T01:47:06+0000
234278696589228_1563981930285558;I Like Magic;;video;41;2016-12-30T21:42:18+0000
234278696589228_1563266517023766;;Now until January 2nd! Take 15% all items.;status;18;2016-12-30T04:17:54+0000
234278696589228_1562221160461635;Are You Sleepy;;video;27;2016-12-29T02:12:35+0000
234278696589228_1559122100771541;Is this the Internet;;video;44;2016-12-26T21:53:12+0000
234278696589228_1554434287906989;What is This Gift;;video;46;2016-12-24T20:43:04+0000
234278696589228_1550640081619743;What Do Your Dreams Feel Like;;video;49;2016-12-22T20:16:30+0000
234278696589228_1548004948549923;Look at This One;;video;32;2016-12-20T22:47:45+0000
234278696589228_1545117045505380;Choosing;;video;23;2016-12-19T02:17:44+0000
234278696589228_1542390565778028;I'm Not Lying to You;;video;36;2016-12-17T01:31:46+0000
234278696589228_1539803502703401;Come Down Here;;video;31;2016-12-15T01:35:19+0000
234278696589228_1536895596327525;Singing TV Show;;video;20;2016-12-13T01:43:47+0000
234278696589228_1534441336572951;I'm on the Floor;;video;41;2016-12-11T00:41:32+0000
234278696589228_1529617793721972;Repeat After Me;;video;31;2016-12-07T20:40:13+0000
234278696589228_1529281817088903;;send Poppy mail for a Mail Time video with Poppy:POPPYC/o Nick GroffInterscope Records2220 Colorado AveSanta Monica, CA 90404;status;20;2016-12-07T15:33:07+0000
234278696589228_1526548137362271;Mr Clean;;video;30;2016-12-05T20:32:29+0000
234278696589228_1526519397365145;;"15% off everything at http://shop.impoppy.com Use Discount Code: ""ilovepoppy"" @ Checkout!";status;7;2016-12-05T20:03:26+0000
234278696589228_1523473671003051;Do you ever think about God;;video;60;2016-12-03T21:40:52+0000
234278696589228_1520101578006927;Poppy Changed;;video;16;2016-12-01T18:24:06+0000
234278696589228_1519312834752468;Sanrio;;photo;;2016-12-01T05:41:15+0000
234278696589228_1518516561498762;3D Glasses;;video;11;2016-11-30T15:36:55+0000
234278696589228_1517318968285188;Timeline Photos;;photo;98;2016-11-29T16:32:04+0000
234278696589228_1517289228288162;;hi Facebook;status;52;2016-11-29T15:47:54+0000
234278696589228_1516349215048830;This Glove;;video;11;2016-11-28T18:01:27+0000
234278696589228_1514203195263432;;CYBER before Monday -  Use the code: web336 - at checkout for 20% off;status;2;2016-11-26T18:58:31+0000
234278696589228_1513186212031797;Love Button;;video;15;2016-11-26T00:41:07+0000
234278696589228_1510049199012165;Hello Kitty;;photo;;2016-11-23T02:57:19+0000
234278696589228_1508659129151172;Pink Outfit;;video;36;2016-11-21T23:09:26+0000
234278696589228_1504137236270028;Adored;;video;56;2016-11-17T23:41:55+0000
234278696589228_1503989716284780;Timeline Photos;ADORED Listen here: https://impoppy.bandcamp.com/track/adored;photo;75;2016-11-17T20:08:12+0000
234278696589228_1501769853173433;Membership Ring;;video;14;2016-11-15T16:02:13+0000
234278696589228_1496088277074924;A Microphone;;video;23;2016-11-10T20:50:29+0000
234278696589228_1494092073941211;;You can now purchase - Poppy - official membership rings + pins here!shop.impoppy.com;status;38;2016-11-08T23:58:54+0000
234278696589228_1493182124032206;Where Is It?;;video;22;2016-11-08T03:07:38+0000
234278696589228_1492851784065240;;11.17.16   <3;status;47;2016-11-07T18:39:42+0000
234278696589228_1488844917799260;Pray with Poppy;;video;14;2016-11-03T23:21:04+0000
234278696589228_1485639444786474;But I Don't Hate You;;video;36;2016-10-31T22:14:57+0000
234278696589228_1482316078452144;It Fits;;video;17;2016-10-28T20:15:11+0000
234278696589228_1479244765425942;Doritos Monster Energy Drink;;video;42;2016-10-25T19:56:54+0000
234278696589228_1475951249088627;Not This;;video;20;2016-10-22T16:24:32+0000
234278696589228_1473025902714495;Ambient Music;;video;16;2016-10-19T21:55:06+0000
234278696589228_1471219986228420;Merch | poppy;"My new ambient album ""3:36 (Music To Sleep To)"" is available now exclusively at http://impoppy.bandcamp.com";link;42;2016-10-18T03:05:27+0000
234278696589228_1467231043293981;Timeline Photos;3:36 (Music To Sleep To)10.17.16;photo;52;2016-10-14T14:52:05+0000
234278696589228_1467227783294307;Step 2;;video;8;2016-10-14T14:48:05+0000
234278696589228_1463318403685245;Timeline Photos;10.17.16;photo;89;2016-10-11T00:33:18+0000
234278696589228_1463317390352013;Following You;;video;22;2016-10-11T00:32:01+0000
234278696589228_1460923250591427;What is this Question?;;video;11;2016-10-08T16:57:49+0000
234278696589228_1458119684205117;Who Turned Out the Lights;;video;19;2016-10-05T20:41:36+0000
234278696589228_1456091804407905;That Poppy;;photo;358;2016-10-04T00:14:14+0000
234278696589228_1455005041183248;Where Did Everyone Go?;;video;21;2016-10-02T21:36:21+0000
234278696589228_1452580984758987;Do You Like;;video;11;2016-09-30T15:04:18+0000
234278696589228_1449588201724932;Certain Words;;video;18;2016-09-27T14:46:21+0000
234278696589228_1446134938736925;Step 1;;video;24;2016-09-24T00:18:54+0000
234278696589228_1444760462207706;I'm Jumping.;;video;28;2016-09-22T15:49:38+0000
234278696589228_1444211422262610;;this is my facebook.com page.;status;26;2016-09-22T01:28:30+0000
234278696589228_1440501489300270;What Percentage Am I?;;video;28;2016-09-18T06:28:02+0000
234278696589228_1438309739519445;Japan - YouTube;;video;12;2016-09-15T22:56:27+0000
234278696589228_1435508909799528;What Rhymes with Breath?;;video;33;2016-09-12T22:32:46+0000
234278696589228_1431255910224828;We Are Waving;;video;16;2016-09-09T00:22:45+0000
234278696589228_1429099040440515;Dillon Francis;;video;;2016-09-06T23:48:02+0000
234278696589228_1429045557112530;Shirt;;video;22;2016-09-06T22:19:39+0000
234278696589228_1426791814004571;Someone Sent Me This;;video;10;2016-09-04T20:58:13+0000
234278696589228_1418990481451371;Transmission;;video;23;2016-08-28T20:45:14+0000
234278696589228_1417995928217493;Sunglasses;;video;35;2016-08-27T21:10:42+0000
234278696589228_1412818028735283;Protection;;video;26;2016-08-22T19:04:23+0000
234278696589228_1410766755607077;;Katy Perry tweeted one of my videos today..... :);status;31;2016-08-20T23:08:43+0000
